{
    "Temporal": 0.4256685278285794,
    "Weather": 0.2906816075148417,
    "Road": 0.36323937552992625,
    "Spatial": 5.193749240210891
}