{
    "config": {
        "data_path": "data/raw/US_Accidents_March23.csv",
        "sample_frac": 0.1,
        "model_type": "rf"
    },
    "metrics": {
        "accuracy": 0.8063359876370972,
        "macro_f1": 0.46326296266800315,
        "weighted_f1": 0.7744957979827486,
        "classification_report": {
            "0": {
                "precision": 0.705989110707804,
                "recall": 0.28878990348923533,
                "f1-score": 0.40990516332982085,
                "support": 1347.0
            },
            "1": {
                "precision": 0.8268387938371473,
                "recall": 0.955950377502506,
                "f1-score": 0.8867193830983272,
                "support": 108741.0
            },
            "2": {
                "precision": 0.6204508732784488,
                "recall": 0.3103448275862069,
                "f1-score": 0.41374002719273495,
                "support": 25984.0
            },
            "3": {
                "precision": 0.5952380952380952,
                "recall": 0.0810591731964334,
                "f1-score": 0.1426872770511296,
                "support": 3701.0
            },
            "accuracy": 0.8063359876370972,
            "macro avg": {
                "precision": 0.6871292182653739,
                "recall": 0.4090360704435954,
                "f1-score": 0.46326296266800315,
                "support": 139773.0
            },
            "weighted avg": {
                "precision": 0.7811738768897574,
                "recall": 0.8063359876370972,
                "f1-score": 0.7744957979827486,
                "support": 139773.0
            }
        },
        "confusion_matrix": [
            [
                389,
                858,
                98,
                2
            ],
            [
                106,
                103951,
                4524,
                160
            ],
            [
                55,
                17823,
                8064,
                42
            ],
            [
                1,
                3089,
                311,
                300
            ]
        ]
    }
}