{
    "config": {
        "data_path": "data/raw/US_Accidents_March23.csv",
        "sample_frac": 0.01,
        "model_type": "catboost",
        "seed": 42,
        "split_strategy": "time"
    },
    "metrics": {
        "accuracy": 0.8974358974358975,
        "macro_f1": 0.32645817820799206,
        "weighted_f1": 0.8666508821061497,
        "classification_report": {
            "0": {
                "precision": 0.0,
                "recall": 0.0,
                "f1-score": 0.0,
                "support": 385.0
            },
            "1": {
                "precision": 0.9092786546688302,
                "recall": 0.9852941176470589,
                "f1-score": 0.9457614115841964,
                "support": 12512.0
            },
            "2": {
                "precision": 0.5301837270341208,
                "recall": 0.2726045883940621,
                "f1-score": 0.3600713012477718,
                "support": 741.0
            },
            "3": {
                "precision": 0.0,
                "recall": 0.0,
                "f1-score": 0.0,
                "support": 324.0
            },
            "accuracy": 0.8974358974358975,
            "macro avg": {
                "precision": 0.3598655954257377,
                "recall": 0.31447467651028027,
                "f1-score": 0.32645817820799206,
                "support": 13962.0
            },
            "weighted avg": {
                "precision": 0.8429852935789062,
                "recall": 0.8974358974358975,
                "f1-score": 0.8666508821061497,
                "support": 13962.0
            }
        },
        "confusion_matrix": [
            [
                0,
                371,
                14,
                0
            ],
            [
                0,
                12328,
                161,
                23
            ],
            [
                0,
                539,
                202,
                0
            ],
            [
                0,
                320,
                4,
                0
            ]
        ]
    }
}