{
    "config": {
        "data_path": "data/raw/US_Accidents_March23.csv",
        "sample_frac": 0.001,
        "model_type": "catboost",
        "seed": 42,
        "split_strategy": "random"
    },
    "metrics": {
        "accuracy": 0.7978494623655914,
        "macro_f1": 0.4045495986083539,
        "weighted_f1": 0.770078979654336,
        "classification_report": {
            "0": {
                "precision": 0.6666666666666666,
                "recall": 0.15384615384615385,
                "f1-score": 0.25,
                "support": 13.0
            },
            "1": {
                "precision": 0.8289902280130294,
                "recall": 0.9373848987108656,
                "f1-score": 0.8798617113223854,
                "support": 1086.0
            },
            "2": {
                "precision": 0.5714285714285714,
                "recall": 0.35384615384615387,
                "f1-score": 0.43705463182897863,
                "support": 260.0
            },
            "3": {
                "precision": 0.3333333333333333,
                "recall": 0.027777777777777776,
                "f1-score": 0.05128205128205128,
                "support": 36.0
            },
            "accuracy": 0.7978494623655914,
            "macro avg": {
                "precision": 0.6001046998604002,
                "recall": 0.36821374604523777,
                "f1-score": 0.4045495986083539,
                "support": 1395.0
            },
            "weighted avg": {
                "precision": 0.7666820665664841,
                "recall": 0.7978494623655914,
                "f1-score": 0.770078979654336,
                "support": 1395.0
            }
        },
        "confusion_matrix": [
            [
                2,
                10,
                1,
                0
            ],
            [
                1,
                1018,
                65,
                2
            ],
            [
                0,
                168,
                92,
                0
            ],
            [
                0,
                32,
                3,
                1
            ]
        ]
    }
}