{
    "config": {
        "data_path": "data/raw/US_Accidents_March23.csv",
        "sample_frac": 0.001,
        "epochs": 1,
        "batch_size": 64,
        "lr": 0.001,
        "device": "cuda",
        "seed": 42,
        "model_type": "crash_severity_net",
        "loss_type": "ce",
        "use_sampler": false,
        "gamma": 2.0,
        "split_strategy": "time"
    },
    "metrics": {
        "accuracy": 0.899641577060932,
        "macro_f1": 0.23679245283018868,
        "weighted_f1": 0.8521133428011092,
        "classification_report": {
            "0": {
                "precision": 0.0,
                "recall": 0.0,
                "f1-score": 0.0,
                "support": 40.0
            },
            "1": {
                "precision": 0.899641577060932,
                "recall": 1.0,
                "f1-score": 0.9471698113207547,
                "support": 1255.0
            },
            "2": {
                "precision": 0.0,
                "recall": 0.0,
                "f1-score": 0.0,
                "support": 75.0
            },
            "3": {
                "precision": 0.0,
                "recall": 0.0,
                "f1-score": 0.0,
                "support": 25.0
            },
            "accuracy": 0.899641577060932,
            "macro avg": {
                "precision": 0.224910394265233,
                "recall": 0.25,
                "f1-score": 0.23679245283018868,
                "support": 1395.0
            },
            "weighted avg": {
                "precision": 0.8093549671766808,
                "recall": 0.899641577060932,
                "f1-score": 0.8521133428011092,
                "support": 1395.0
            }
        },
        "confusion_matrix": [
            [
                0,
                40,
                0,
                0
            ],
            [
                0,
                1255,
                0,
                0
            ],
            [
                0,
                75,
                0,
                0
            ],
            [
                0,
                25,
                0,
                0
            ]
        ]
    }
}