{
    "config": {
        "data_path": "data/raw/US_Accidents_March23.csv",
        "sample_frac": 0.1,
        "epochs": 20,
        "batch_size": 64,
        "lr": 0.001,
        "device": "cuda",
        "model_type": "crash_severity_net",
        "loss_type": "ce",
        "use_sampler": false
    },
    "metrics": {
        "accuracy": 0.7984303120058953,
        "macro_f1": 0.4408051362266706,
        "weighted_f1": 0.7592396443256,
        "classification_report": {
            "0": {
                "precision": 0.6036745406824147,
                "recall": 0.3414996288047513,
                "f1-score": 0.4362256993835941,
                "support": 1347.0
            },
            "1": {
                "precision": 0.818355520751762,
                "recall": 0.9610358558409432,
                "f1-score": 0.8839752834745243,
                "support": 108741.0
            },
            "2": {
                "precision": 0.5867625637290604,
                "recall": 0.2480372536945813,
                "f1-score": 0.3486799394070548,
                "support": 25984.0
            },
            "3": {
                "precision": 0.581039755351682,
                "recall": 0.05133747635774115,
                "f1-score": 0.09433962264150944,
                "support": 3701.0
            },
            "accuracy": 0.7984303120058953,
            "macro avg": {
                "precision": 0.6474580951287299,
                "recall": 0.40047755367450427,
                "f1-score": 0.4408051362266706,
                "support": 139773.0
            },
            "weighted avg": {
                "precision": 0.7669493670369745,
                "recall": 0.7984303120058953,
                "f1-score": 0.7592396443256,
                "support": 139773.0
            }
        },
        "confusion_matrix": [
            [
                460,
                797,
                90,
                0
            ],
            [
                203,
                104504,
                3959,
                75
            ],
            [
                95,
                19382,
                6445,
                62
            ],
            [
                4,
                3017,
                490,
                190
            ]
        ]
    }
}