{
    "config": {
        "data_path": "US_Accidents_small.csv",
        "sample_frac": 0.1,
        "epochs": 5,
        "batch_size": 128,
        "lr": 0.001,
        "device": "cuda",
        "seed": 42,
        "split_strategy": "time",
        "model_type": "crash_severity_net",
        "loss_type": "ce_weighted",
        "use_sampler": false,
        "use_smote": false,
        "gamma": 2.0
    },
    "metrics": {
        "accuracy": 0.12419146183699871,
        "macro_f1": 0.09462122649246785,
        "weighted_f1": 0.18859757664544746,
        "classification_report": {
            "0": {
                "precision": 0.014428412874583796,
                "recall": 0.48148148148148145,
                "f1-score": 0.028017241379310345,
                "support": 27.0
            },
            "1": {
                "precision": 0.8944444444444445,
                "recall": 0.11019849418206708,
                "f1-score": 0.19622181596587446,
                "support": 1461.0
            },
            "2": {
                "precision": 0.05555555555555555,
                "recall": 0.35,
                "f1-score": 0.0958904109589041,
                "support": 20.0
            },
            "3": {
                "precision": 0.032448377581120944,
                "recall": 0.2894736842105263,
                "f1-score": 0.058355437665782495,
                "support": 38.0
            },
            "accuracy": 0.12419146183699871,
            "macro avg": {
                "precision": 0.24921919761392622,
                "recall": 0.3077884149685187,
                "f1-score": 0.09462122649246785,
                "support": 1546.0
            },
            "weighted avg": {
                "precision": 0.8470356079819797,
                "recall": 0.12419146183699871,
                "f1-score": 0.18859757664544746,
                "support": 1546.0
            }
        },
        "confusion_matrix": [
            [
                13,
                10,
                2,
                2
            ],
            [
                862,
                161,
                117,
                321
            ],
            [
                5,
                3,
                7,
                5
            ],
            [
                21,
                6,
                0,
                11
            ]
        ]
    }
}