{
    "config": {
        "data_path": "data/raw/US_Accidents_March23.csv",
        "sample_frac": 0.1,
        "epochs": 1,
        "batch_size": 128,
        "lr": 0.001,
        "device": "cuda",
        "seed": 42,
        "split_strategy": "time",
        "model_type": "crash_severity_net",
        "loss_type": "ce",
        "use_sampler": true,
        "use_smote": false,
        "gamma": 2.0,
        "exp_id": "csn_ce_sampler"
    },
    "metrics": {
        "accuracy": 0.23412247000493658,
        "macro_f1": 0.2428598066905064,
        "weighted_f1": 0.3199745346948194,
        "macro_f2": 0.2692929528667014,
        "classification_report": {
            "0": {
                "precision": 0.10394444842150476,
                "recall": 0.3856573705179283,
                "f1-score": 0.1637532423593098,
                "support": 3765.0
            },
            "1": {
                "precision": 0.909463364670593,
                "recall": 0.19851485148514852,
                "f1-score": 0.3258944664005715,
                "support": 125240.0
            },
            "2": {
                "precision": 0.3756768464370804,
                "recall": 0.47184439608269857,
                "f1-score": 0.4183045942361027,
                "support": 7352.0
            },
            "3": {
                "precision": 0.03295865879215089,
                "recall": 0.8609484777517564,
                "f1-score": 0.06348692376604173,
                "support": 3416.0
            },
            "accuracy": 0.23412247000493658,
            "macro avg": {
                "precision": 0.35551082958033225,
                "recall": 0.479241273959383,
                "f1-score": 0.2428598066905064,
                "support": 139773.0
            },
            "weighted avg": {
                "precision": 0.8382670872993456,
                "recall": 0.23412247000493658,
                "f1-score": 0.3199745346948194,
                "support": 139773.0
            }
        },
        "confusion_matrix": [
            [
                1452,
                1348,
                868,
                97
            ],
            [
                10129,
                24862,
                4838,
                85411
            ],
            [
                2283,
                816,
                3469,
                784
            ],
            [
                105,
                311,
                59,
                2941
            ]
        ],
        "roc_auc": 0.6944475905606815
    }
}