{
    "config": {
        "data_path": "data/raw/US_Accidents_March23.csv",
        "sample_frac": 0.1,
        "epochs": 1,
        "batch_size": 128,
        "lr": 0.001,
        "device": "cuda",
        "seed": 42,
        "split_strategy": "time",
        "model_type": "crash_severity_net",
        "loss_type": "focal",
        "use_sampler": false,
        "use_smote": false,
        "gamma": 2.0,
        "exp_id": "csn_focal_g2"
    },
    "metrics": {
        "accuracy": 0.08033024976211428,
        "macro_f1": 0.14276204724944141,
        "weighted_f1": 0.060079275757803204,
        "macro_f2": 0.20474243778948126,
        "classification_report": {
            "0": {
                "precision": 0.08616073212644368,
                "recall": 0.5726427622841965,
                "f1-score": 0.14978463248575796,
                "support": 3765.0
            },
            "1": {
                "precision": 0.9104377104377105,
                "recall": 0.021590546151389334,
                "f1-score": 0.04218079712970907,
                "support": 125240.0
            },
            "2": {
                "precision": 0.2469264585351315,
                "recall": 0.4507616974972797,
                "f1-score": 0.3190680209887835,
                "support": 7352.0
            },
            "3": {
                "precision": 0.031049522666964893,
                "recall": 0.8940281030444965,
                "f1-score": 0.06001473839351511,
                "support": 3416.0
            },
            "accuracy": 0.08033024976211428,
            "macro avg": {
                "precision": 0.31864360594156266,
                "recall": 0.4847557772443405,
                "f1-score": 0.14276204724944141,
                "support": 139773.0
            },
            "weighted avg": {
                "precision": 0.8318422192000998,
                "recall": 0.08033024976211428,
                "f1-score": 0.060079275757803204,
                "support": 139773.0
            }
        },
        "confusion_matrix": [
            [
                2156,
                198,
                1302,
                109
            ],
            [
                19479,
                2704,
                8685,
                94372
            ],
            [
                3183,
                31,
                3314,
                824
            ],
            [
                205,
                37,
                120,
                3054
            ]
        ],
        "roc_auc": 0.6620870083977708
    }
}