{
    "config": {
        "data_path": "data/raw/US_Accidents_March23.csv",
        "sample_frac": 0.1,
        "epochs": 1,
        "batch_size": 128,
        "lr": 0.001,
        "device": "cuda",
        "seed": 42,
        "split_strategy": "time",
        "model_type": "crash_severity_net",
        "loss_type": "ce_weighted",
        "use_sampler": true,
        "use_smote": false,
        "gamma": 2.0,
        "exp_id": "csn_ce_weighted_sampler"
    },
    "metrics": {
        "accuracy": 0.05079664885206728,
        "macro_f1": 0.09133351026305288,
        "weighted_f1": 0.01355191006857468,
        "macro_f2": 0.14063491036859976,
        "classification_report": {
            "0": {
                "precision": 0.09099652685012022,
                "recall": 0.9046480743691899,
                "f1-score": 0.1653598737710887,
                "support": 3765.0
            },
            "1": {
                "precision": 0.9411764705882353,
                "recall": 0.00012775471095496647,
                "f1-score": 0.00025547474392648714,
                "support": 125240.0
            },
            "2": {
                "precision": 0.32598039215686275,
                "recall": 0.09045157780195866,
                "f1-score": 0.14160988074957412,
                "support": 7352.0
            },
            "3": {
                "precision": 0.03004407394850727,
                "recall": 0.8820257611241218,
                "f1-score": 0.05810881178762223,
                "support": 3416.0
            },
            "accuracy": 0.05079664885206728,
            "macro avg": {
                "precision": 0.3470493658859314,
                "recall": 0.46931329200155636,
                "f1-score": 0.09133351026305288,
                "support": 139773.0
            },
            "weighted avg": {
                "precision": 0.8636487840985502,
                "recall": 0.05079664885206728,
                "f1-score": 0.01355191006857468,
                "support": 139773.0
            }
        },
        "confusion_matrix": [
            [
                3406,
                0,
                255,
                104
            ],
            [
                27673,
                16,
                1115,
                96436
            ],
            [
                5954,
                0,
                665,
                733
            ],
            [
                397,
                1,
                5,
                3013
            ]
        ],
        "roc_auc": 0.6555486313464813
    }
}