{
    "config": {
        "data_path": "data/raw/US_Accidents_March23.csv",
        "sample_frac": 0.1,
        "epochs": 1,
        "batch_size": 128,
        "lr": 0.001,
        "device": "cuda",
        "seed": 42,
        "split_strategy": "time",
        "model_type": "crash_severity_net",
        "loss_type": "ce_weighted",
        "use_sampler": false,
        "use_smote": false,
        "gamma": 2.0,
        "exp_id": "csn_ce_weighted"
    },
    "metrics": {
        "accuracy": 0.2653015961594872,
        "macro_f1": 0.25360915385862104,
        "weighted_f1": 0.363586784079812,
        "macro_f2": 0.2766082138848985,
        "classification_report": {
            "0": {
                "precision": 0.10641925119664285,
                "recall": 0.43107569721115535,
                "f1-score": 0.17069835927639881,
                "support": 3765.0
            },
            "1": {
                "precision": 0.9187313247011952,
                "recall": 0.23568348770360906,
                "f1-score": 0.37513344517309744,
                "support": 125240.0
            },
            "2": {
                "precision": 0.3828550671994188,
                "recall": 0.43008705114254625,
                "f1-score": 0.40509896867593365,
                "support": 7352.0
            },
            "3": {
                "precision": 0.033042134664527247,
                "recall": 0.8138173302107728,
                "f1-score": 0.06350584230905415,
                "support": 3416.0
            },
            "accuracy": 0.2653015961594872,
            "macro avg": {
                "precision": 0.36026194444044607,
                "recall": 0.4776658915670209,
                "f1-score": 0.25360915385862104,
                "support": 139773.0
            },
            "weighted avg": {
                "precision": 0.8470176784672089,
                "recall": 0.2653015961594872,
                "f1-score": 0.363586784079812,
                "support": 139773.0
            }
        },
        "confusion_matrix": [
            [
                1623,
                1049,
                1001,
                92
            ],
            [
                11237,
                29517,
                4043,
                80443
            ],
            [
                2305,
                1065,
                3162,
                820
            ],
            [
                86,
                497,
                53,
                2780
            ]
        ],
        "roc_auc": 0.6955516681283275
    }
}