{
    "config": {
        "data_path": "data/raw/US_Accidents_March23.csv",
        "sample_frac": 0.1,
        "epochs": 1,
        "batch_size": 128,
        "lr": 0.001,
        "device": "cuda",
        "seed": 42,
        "split_strategy": "time",
        "model_type": "crash_severity_net",
        "loss_type": "ce",
        "use_sampler": false,
        "use_smote": false,
        "gamma": 2.0,
        "exp_id": "csn_ce_base"
    },
    "metrics": {
        "accuracy": 0.8726435005330071,
        "macro_f1": 0.2762978210353904,
        "weighted_f1": 0.8440976612142804,
        "macro_f2": 0.27718238903709475,
        "classification_report": {
            "0": {
                "precision": 0.23809523809523808,
                "recall": 0.0013280212483399733,
                "f1-score": 0.002641310089804543,
                "support": 3765.0
            },
            "1": {
                "precision": 0.9011337124797818,
                "recall": 0.9653225806451613,
                "f1-score": 0.9321243942775856,
                "support": 125240.0
            },
            "2": {
                "precision": 0.19347191830780452,
                "recall": 0.1443144722524483,
                "f1-score": 0.16531629791212216,
                "support": 7352.0
            },
            "3": {
                "precision": 0.08411214953271028,
                "recall": 0.0026346604215456673,
                "f1-score": 0.00510928186204939,
                "support": 3416.0
            },
            "accuracy": 0.8726435005330071,
            "macro avg": {
                "precision": 0.35420325460388363,
                "recall": 0.2783999336418738,
                "f1-score": 0.2762978210353904,
                "support": 139773.0
            },
            "weighted avg": {
                "precision": 0.8260833449135324,
                "recall": 0.8726435005330071,
                "f1-score": 0.8440976612142804,
                "support": 139773.0
            }
        },
        "confusion_matrix": [
            [
                5,
                3736,
                24,
                0
            ],
            [
                15,
                120897,
                4235,
                93
            ],
            [
                1,
                6285,
                1061,
                5
            ],
            [
                0,
                3243,
                164,
                9
            ]
        ],
        "roc_auc": 0.6553604421037698
    }
}