{
    "config": {
        "data_path": "data/raw/US_Accidents_March23.csv",
        "sample_frac": 0.1,
        "epochs": 1,
        "batch_size": 128,
        "lr": 0.001,
        "device": "cuda",
        "seed": 42,
        "split_strategy": "time",
        "model_type": "crash_severity_net",
        "loss_type": "focal",
        "use_sampler": true,
        "use_smote": false,
        "gamma": 2.0,
        "exp_id": "csn_focal_sampler"
    },
    "metrics": {
        "accuracy": 0.04949453757163401,
        "macro_f1": 0.0783338316849678,
        "weighted_f1": 0.010548366496411209,
        "macro_f2": 0.13107046562562572,
        "classification_report": {
            "0": {
                "precision": 0.09299212598425197,
                "recall": 0.9410358565737051,
                "f1-score": 0.16925833034754567,
                "support": 3765.0
            },
            "1": {
                "precision": 1.0,
                "recall": 2.3954008304056212e-05,
                "f1-score": 4.790686904657346e-05,
                "support": 125240.0
            },
            "2": {
                "precision": 0.35116731517509725,
                "recall": 0.049102285092491836,
                "f1-score": 0.08615751789976134,
                "support": 7352.0
            },
            "3": {
                "precision": 0.02991792690924266,
                "recall": 0.8814402810304449,
                "f1-score": 0.05787157162351765,
                "support": 3416.0
            },
            "accuracy": 0.04949453757163401,
            "macro avg": {
                "precision": 0.3685193420171479,
                "recall": 0.4679005941762365,
                "f1-score": 0.0783338316849678,
                "support": 139773.0
            },
            "weighted avg": {
                "precision": 0.9177315868860223,
                "recall": 0.04949453757163401,
                "f1-score": 0.010548366496411209,
                "support": 139773.0
            }
        },
        "confusion_matrix": [
            [
                3543,
                0,
                118,
                104
            ],
            [
                27862,
                3,
                546,
                96829
            ],
            [
                6293,
                0,
                361,
                698
            ],
            [
                402,
                0,
                3,
                3011
            ]
        ],
        "roc_auc": 0.6619846949028789
    }
}