{
    "config": {
        "data_path": "data/raw/US_Accidents_March23.csv",
        "sample_frac": 0.001,
        "epochs": 1,
        "batch_size": 64,
        "lr": 0.001,
        "device": "cuda",
        "model_type": "early_mlp",
        "loss_type": "ce",
        "use_sampler": false
    },
    "metrics": {
        "accuracy": 0.7784946236559139,
        "macro_f1": 0.218863361547763,
        "weighted_f1": 0.681535801120776,
        "classification_report": {
            "0": {
                "precision": 0.0,
                "recall": 0.0,
                "f1-score": 0.0,
                "support": 13.0
            },
            "1": {
                "precision": 0.7784946236559139,
                "recall": 1.0,
                "f1-score": 0.875453446191052,
                "support": 1086.0
            },
            "2": {
                "precision": 0.0,
                "recall": 0.0,
                "f1-score": 0.0,
                "support": 260.0
            },
            "3": {
                "precision": 0.0,
                "recall": 0.0,
                "f1-score": 0.0,
                "support": 36.0
            },
            "accuracy": 0.7784946236559139,
            "macro avg": {
                "precision": 0.19462365591397848,
                "recall": 0.25,
                "f1-score": 0.218863361547763,
                "support": 1395.0
            },
            "weighted avg": {
                "precision": 0.6060538790611631,
                "recall": 0.7784946236559139,
                "f1-score": 0.681535801120776,
                "support": 1395.0
            }
        },
        "confusion_matrix": [
            [
                0,
                13,
                0,
                0
            ],
            [
                0,
                1086,
                0,
                0
            ],
            [
                0,
                260,
                0,
                0
            ],
            [
                0,
                36,
                0,
                0
            ]
        ]
    }
}