{
    "config": {
        "data_path": "data/raw/US_Accidents_March23.csv",
        "sample_frac": 0.01,
        "epochs": 1,
        "batch_size": 128,
        "lr": 0.001,
        "device": "cuda",
        "seed": 42,
        "split_strategy": "random",
        "model_type": "early_mlp",
        "loss_type": "ce",
        "use_sampler": false,
        "use_smote": true,
        "gamma": 2.0
    },
    "metrics": {
        "accuracy": 0.6205414697034809,
        "macro_f1": 0.40964740691673196,
        "weighted_f1": 0.6694285752606187,
        "classification_report": {
            "0": {
                "precision": 0.18110236220472442,
                "recall": 0.5111111111111111,
                "f1-score": 0.26744186046511625,
                "support": 135.0
            },
            "1": {
                "precision": 0.8961770096884001,
                "recall": 0.630352702827148,
                "f1-score": 0.7401200194626155,
                "support": 10859.0
            },
            "2": {
                "precision": 0.3800193517174649,
                "recall": 0.6044632550981146,
                "f1-score": 0.4666567651863954,
                "support": 2599.0
            },
            "3": {
                "precision": 0.09894969596462133,
                "recall": 0.48509485094850946,
                "f1-score": 0.16437098255280075,
                "support": 369.0
            },
            "accuracy": 0.6205414697034809,
            "macro avg": {
                "precision": 0.38906210489380266,
                "recall": 0.5577554799962208,
                "f1-score": 0.40964740691673196,
                "support": 13962.0
            },
            "weighted avg": {
                "precision": 0.7721112806208718,
                "recall": 0.6205414697034809,
                "f1-score": 0.6694285752606187,
                "support": 13962.0
            }
        },
        "confusion_matrix": [
            [
                69,
                44,
                16,
                6
            ],
            [
                250,
                6845,
                2483,
                1281
            ],
            [
                51,
                634,
                1571,
                343
            ],
            [
                11,
                115,
                64,
                179
            ]
        ]
    }
}