{
    "model": "catboost",
    "folds": 2,
    "accuracy_mean": 0.7997106307802557,
    "accuracy_std": 0.0005758611263478874,
    "macro_f1_mean": 0.4505416259631415,
    "macro_f1_std": 0.008158736777970632,
    "fold_details": [
        {
            "accuracy": 0.8002864919066036,
            "macro_f1": 0.45870036274111214,
            "weighted_f1": 0.7737341915162377,
            "classification_report": {
                "0": {
                    "precision": 0.6047904191616766,
                    "recall": 0.2997032640949555,
                    "f1-score": 0.4007936507936508,
                    "support": 337.0
                },
                "1": {
                    "precision": 0.8314881146206448,
                    "recall": 0.940584941800501,
                    "f1-score": 0.8826782813094127,
                    "support": 27148.0
                },
                "2": {
                    "precision": 0.5764068146618482,
                    "recall": 0.3436970909650608,
                    "f1-score": 0.43062385498023337,
                    "support": 6497.0
                },
                "3": {
                    "precision": 0.42207792207792205,
                    "recall": 0.07042253521126761,
                    "f1-score": 0.12070566388115135,
                    "support": 923.0
                },
                "accuracy": 0.8002864919066036,
                "macro avg": {
                    "precision": 0.608690817630523,
                    "recall": 0.4136019580179462,
                    "f1-score": 0.45870036274111214,
                    "support": 34905.0
                },
                "weighted avg": {
                    "precision": 0.7709940324857385,
                    "recall": 0.8002864919066036,
                    "f1-score": 0.7737341915162377,
                    "support": 34905.0
                }
            },
            "confusion_matrix": [
                [
                    101,
                    206,
                    29,
                    1
                ],
                [
                    40,
                    25535,
                    1525,
                    48
                ],
                [
                    23,
                    4201,
                    2233,
                    40
                ],
                [
                    3,
                    768,
                    87,
                    65
                ]
            ]
        },
        {
            "accuracy": 0.7991347696539078,
            "macro_f1": 0.4423828891851709,
            "weighted_f1": 0.7729812030918514,
            "classification_report": {
                "0": {
                    "precision": 0.5263157894736842,
                    "recall": 0.23738872403560832,
                    "f1-score": 0.32719836400818,
                    "support": 337.0
                },
                "1": {
                    "precision": 0.8315116317008712,
                    "recall": 0.9387431855016944,
                    "f1-score": 0.8818796823364534,
                    "support": 27148.0
                },
                "2": {
                    "precision": 0.572478459199189,
                    "recall": 0.34775246305418717,
                    "f1-score": 0.43267573261827236,
                    "support": 6496.0
                },
                "3": {
                    "precision": 0.4394904458598726,
                    "recall": 0.07475622968580715,
                    "f1-score": 0.12777777777777777,
                    "support": 923.0
                },
                "accuracy": 0.7991347696539078,
                "macro avg": {
                    "precision": 0.5924490815584043,
                    "recall": 0.39966015056932425,
                    "f1-score": 0.4423828891851709,
                    "support": 34904.0
                },
                "weighted avg": {
                    "precision": 0.7699895699906737,
                    "recall": 0.7991347696539078,
                    "f1-score": 0.7729812030918514,
                    "support": 34904.0
                }
            },
            "confusion_matrix": [
                [
                    80,
                    222,
                    35,
                    0
                ],
                [
                    50,
                    25485,
                    1559,
                    54
                ],
                [
                    18,
                    4185,
                    2259,
                    34
                ],
                [
                    4,
                    757,
                    93,
                    69
                ]
            ]
        }
    ]
}