{
    "config": {
        "data_path": "data/raw/US_Accidents_March23.csv",
        "sample_frac": 0.01,
        "epochs": 1,
        "batch_size": 32,
        "lr": 0.001,
        "device": "cuda",
        "seed": 42,
        "split_strategy": "random",
        "model_type": "tab_transformer",
        "loss_type": "ce",
        "use_sampler": false,
        "use_smote": false,
        "gamma": 2.0
    },
    "metrics": {
        "accuracy": 0.7834121186076494,
        "macro_f1": 0.2533224430513788,
        "weighted_f1": 0.7066650903846777,
        "classification_report": {
            "0": {
                "precision": 0.0,
                "recall": 0.0,
                "f1-score": 0.0,
                "support": 135.0
            },
            "1": {
                "precision": 0.7894582293348994,
                "recall": 0.9903306013445069,
                "f1-score": 0.8785588823985948,
                "support": 10859.0
            },
            "2": {
                "precision": 0.5400593471810089,
                "recall": 0.0700269334359369,
                "f1-score": 0.12397820163487738,
                "support": 2599.0
            },
            "3": {
                "precision": 0.6666666666666666,
                "recall": 0.005420054200542005,
                "f1-score": 0.010752688172043012,
                "support": 369.0
            },
            "accuracy": 0.7834121186076494,
            "macro avg": {
                "precision": 0.49904606079564373,
                "recall": 0.26644439724524643,
                "f1-score": 0.2533224430513788,
                "support": 13962.0
            },
            "weighted avg": {
                "precision": 0.7321545019102647,
                "recall": 0.7834121186076494,
                "f1-score": 0.7066650903846777,
                "support": 13962.0
            }
        },
        "confusion_matrix": [
            [
                0,
                132,
                3,
                0
            ],
            [
                0,
                10754,
                105,
                0
            ],
            [
                0,
                2416,
                182,
                1
            ],
            [
                0,
                320,
                47,
                2
            ]
        ]
    }
}