{
    "config": {
        "data_path": "data/raw/US_Accidents_March23.csv",
        "sample_frac": 0.1,
        "epochs": 20,
        "batch_size": 128,
        "lr": 0.001,
        "device": "cuda",
        "seed": 42,
        "split_strategy": "region",
        "region_a_states": [
            "CA",
            "OR",
            "WA",
            "NV",
            "AZ"
        ],
        "region_b_states": [
            "NY",
            "PA",
            "OH",
            "MI",
            "IL"
        ],
        "model_type": "crash_severity_net",
        "loss_type": "focal",
        "use_sampler": false,
        "use_smote": false,
        "gamma": 2.0,
        "exp_id": "csn_region_gen_focal"
    },
    "metrics": {
        "accuracy": 0.22236592775287997,
        "macro_f1": 0.13250329844806394,
        "weighted_f1": 0.09228117141409238,
        "macro_f2": 0.1919787624702055,
        "classification_report": {
            "0": {
                "precision": 0.0,
                "recall": 0.0,
                "f1-score": 0.0,
                "support": 733.0
            },
            "1": {
                "precision": 0.6666666666666666,
                "recall": 2.7922041659686156e-05,
                "f1-score": 5.584174449609806e-05,
                "support": 71628.0
            },
            "2": {
                "precision": 0.22990733122591261,
                "recall": 0.9167709907187568,
                "f1-score": 0.36762249322727786,
                "support": 23165.0
            },
            "3": {
                "precision": 0.1276133586749932,
                "recall": 0.22301304863582444,
                "f1-score": 0.16233485882048182,
                "support": 4215.0
            },
            "accuracy": 0.22236592775287997,
            "macro avg": {
                "precision": 0.25604683914189313,
                "recall": 0.28495299034906024,
                "f1-score": 0.13250329844806394,
                "support": 99741.0
            },
            "weighted avg": {
                "precision": 0.5375491887454844,
                "recall": 0.22236592775287997,
                "f1-score": 0.09228117141409238,
                "support": 99741.0
            }
        },
        "confusion_matrix": [
            [
                0,
                0,
                722,
                11
            ],
            [
                0,
                2,
                67138,
                4488
            ],
            [
                0,
                1,
                21237,
                1927
            ],
            [
                0,
                0,
                3275,
                940
            ]
        ],
        "roc_auc": 0.6455304895400884
    }
}