{
    "config": {
        "data_path": "data/raw/US_Accidents_March23.csv",
        "sample_frac": 0.1,
        "epochs": 20,
        "batch_size": 128,
        "lr": 0.001,
        "device": "cuda",
        "seed": 42,
        "split_strategy": "time",
        "region_a_states": [
            "CA",
            "OR",
            "WA",
            "NV",
            "AZ"
        ],
        "region_b_states": [
            "NY",
            "PA",
            "OH",
            "MI",
            "IL"
        ],
        "model_type": "crash_severity_net",
        "loss_type": "focal",
        "use_sampler": false,
        "use_smote": false,
        "gamma": 2.0,
        "exp_id": "csn_focal_g2"
    },
    "metrics": {
        "accuracy": 0.10066321821811079,
        "macro_f1": 0.18391205123309157,
        "weighted_f1": 0.09201316161634601,
        "macro_f2": 0.24099679359435733,
        "classification_report": {
            "0": {
                "precision": 0.1498224528817263,
                "recall": 0.29136786188579017,
                "f1-score": 0.19788942004149004,
                "support": 3765.0
            },
            "1": {
                "precision": 0.8800454803865833,
                "recall": 0.03708080485467902,
                "f1-score": 0.07116314349854808,
                "support": 125240.0
            },
            "2": {
                "precision": 0.29073170731707315,
                "recall": 0.6890642002176278,
                "f1-score": 0.4089276344997377,
                "support": 7352.0
            },
            "3": {
                "precision": 0.02973147819114525,
                "recall": 0.9552107728337237,
                "f1-score": 0.05766800689259047,
                "support": 3416.0
            },
            "accuracy": 0.10066321821811079,
            "macro avg": {
                "precision": 0.33758277969413203,
                "recall": 0.49318090994795516,
                "f1-score": 0.18391205123309157,
                "support": 139773.0
            },
            "weighted avg": {
                "precision": 0.8085967943766784,
                "recall": 0.10066321821811079,
                "f1-score": 0.09201316161634601,
                "support": 139773.0
            }
        },
        "confusion_matrix": [
            [
                1097,
                539,
                2020,
                109
            ],
            [
                4810,
                4644,
                10256,
                105530
            ],
            [
                1398,
                41,
                5066,
                847
            ],
            [
                17,
                53,
                83,
                3263
            ]
        ],
        "roc_auc": 0.7083750824119142
    }
}