{
    "config": {
        "data_path": "data/raw/US_Accidents_March23.csv",
        "sample_frac": 0.1,
        "epochs": 20,
        "batch_size": 128,
        "lr": 0.001,
        "device": "cuda",
        "seed": 42,
        "split_strategy": "time",
        "region_a_states": [
            "CA",
            "OR",
            "WA",
            "NV",
            "AZ"
        ],
        "region_b_states": [
            "NY",
            "PA",
            "OH",
            "MI",
            "IL"
        ],
        "model_type": "crash_severity_net",
        "loss_type": "ce_weighted",
        "use_sampler": true,
        "use_smote": false,
        "gamma": 2.0,
        "exp_id": "csn_ce_weighted_sampler"
    },
    "metrics": {
        "accuracy": 0.059260372174883565,
        "macro_f1": 0.1479314989697184,
        "weighted_f1": 0.03253717282032098,
        "macro_f2": 0.19236480152574745,
        "classification_report": {
            "0": {
                "precision": 0.10938433950986252,
                "recall": 0.5832669322709163,
                "f1-score": 0.18422046055115138,
                "support": 3765.0
            },
            "1": {
                "precision": 0.7287705956907478,
                "recall": 0.004591184924944107,
                "f1-score": 0.009124883955280133,
                "support": 125240.0
            },
            "2": {
                "precision": 0.3799141063759498,
                "recall": 0.31284004352557127,
                "f1-score": 0.34312994181709683,
                "support": 7352.0
            },
            "3": {
                "precision": 0.02846155209385578,
                "recall": 0.9402810304449649,
                "f1-score": 0.05525070955534532,
                "support": 3416.0
            },
            "accuracy": 0.059260372174883565,
            "macro avg": {
                "precision": 0.31163264841760396,
                "recall": 0.46024479779159916,
                "f1-score": 0.1479314989697184,
                "support": 139773.0
            },
            "weighted avg": {
                "precision": 0.676621483509637,
                "recall": 0.059260372174883565,
                "f1-score": 0.03253717282032098,
                "support": 139773.0
            }
        },
        "confusion_matrix": [
            [
                2196,
                193,
                978,
                398
            ],
            [
                14466,
                575,
                2768,
                107431
            ],
            [
                3221,
                18,
                2300,
                1813
            ],
            [
                193,
                3,
                8,
                3212
            ]
        ],
        "roc_auc": 0.6709178359907764
    }
}