{
    "config": {
        "data_path": "data/raw/US_Accidents_March23.csv",
        "sample_frac": 0.1,
        "epochs": 20,
        "batch_size": 128,
        "lr": 0.001,
        "device": "cuda",
        "seed": 42,
        "split_strategy": "region",
        "region_a_states": [
            "CA",
            "OR",
            "WA",
            "NV",
            "AZ"
        ],
        "region_b_states": [
            "NY",
            "PA",
            "OH",
            "MI",
            "IL"
        ],
        "model_type": "crash_severity_net",
        "loss_type": "ce_weighted",
        "use_sampler": false,
        "use_smote": false,
        "gamma": 2.0,
        "exp_id": "csn_region_gen_ce_weighted"
    },
    "metrics": {
        "accuracy": 0.22645652239299788,
        "macro_f1": 0.15846053578333785,
        "weighted_f1": 0.1326726929194327,
        "macro_f2": 0.23272528235618412,
        "classification_report": {
            "0": {
                "precision": 0.0,
                "recall": 0.0,
                "f1-score": 0.0,
                "support": 733.0
            },
            "1": {
                "precision": 0.8076225045372051,
                "recall": 0.01863796280784051,
                "f1-score": 0.03643509231587997,
                "support": 71628.0
            },
            "2": {
                "precision": 0.2977476714648603,
                "recall": 0.7589898553852795,
                "f1-score": 0.4277078392020921,
                "support": 23165.0
            },
            "3": {
                "precision": 0.09401096367641786,
                "recall": 0.8706998813760379,
                "f1-score": 0.1696992116153793,
                "support": 4215.0
            },
            "accuracy": 0.22645652239299788,
            "macro avg": {
                "precision": 0.2998452849196208,
                "recall": 0.41208192489228945,
                "f1-score": 0.15846053578333785,
                "support": 99741.0
            },
            "weighted avg": {
                "precision": 0.6531112158126599,
                "recall": 0.22645652239299788,
                "f1-score": 0.1326726929194327,
                "support": 99741.0
            }
        },
        "confusion_matrix": [
            [
                0,
                44,
                635,
                54
            ],
            [
                0,
                1335,
                40301,
                29992
            ],
            [
                0,
                261,
                17582,
                5322
            ],
            [
                0,
                13,
                532,
                3670
            ]
        ],
        "roc_auc": 0.721273075191619
    }
}