{
    "config": {
        "data_path": "data/raw/US_Accidents_March23.csv",
        "sample_frac": 0.1,
        "epochs": 20,
        "batch_size": 128,
        "lr": 0.001,
        "device": "cuda",
        "seed": 42,
        "split_strategy": "time",
        "region_a_states": [
            "CA",
            "OR",
            "WA",
            "NV",
            "AZ"
        ],
        "region_b_states": [
            "NY",
            "PA",
            "OH",
            "MI",
            "IL"
        ],
        "model_type": "crash_severity_net",
        "loss_type": "focal",
        "use_sampler": true,
        "use_smote": false,
        "gamma": 2.0,
        "exp_id": "csn_focal_sampler"
    },
    "metrics": {
        "accuracy": 0.05923175434454437,
        "macro_f1": 0.15540851440874404,
        "weighted_f1": 0.026755598533112226,
        "macro_f2": 0.2074956598166155,
        "classification_report": {
            "0": {
                "precision": 0.13015856881479976,
                "recall": 0.6802124833997344,
                "f1-score": 0.21850603643189284,
                "support": 3765.0
            },
            "1": {
                "precision": 0.8504672897196262,
                "recall": 0.0007266049185563718,
                "f1-score": 0.0014519693331312277,
                "support": 125240.0
            },
            "2": {
                "precision": 0.37067494181536076,
                "recall": 0.3249455930359086,
                "f1-score": 0.3463071682249764,
                "support": 7352.0
            },
            "3": {
                "precision": 0.028517327931657052,
                "recall": 0.9478922716627635,
                "f1-score": 0.05536888364497568,
                "support": 3416.0
            },
            "accuracy": 0.05923175434454437,
            "macro avg": {
                "precision": 0.3449545320703609,
                "recall": 0.48844423825424066,
                "f1-score": 0.15540851440874404,
                "support": 139773.0
            },
            "weighted avg": {
                "precision": 0.7857396474320132,
                "recall": 0.05923175434454437,
                "f1-score": 0.026755598533112226,
                "support": 139773.0
            }
        },
        "confusion_matrix": [
            [
                2561,
                11,
                844,
                349
            ],
            [
                13792,
                91,
                3203,
                108154
            ],
            [
                3155,
                4,
                2389,
                1804
            ],
            [
                168,
                1,
                9,
                3238
            ]
        ],
        "roc_auc": 0.6709439882388344
    }
}