{
    "config": {
        "data_path": "data/raw/US_Accidents_March23.csv",
        "sample_frac": 0.1,
        "epochs": 20,
        "batch_size": 128,
        "lr": 0.001,
        "device": "cuda",
        "seed": 42,
        "split_strategy": "time",
        "region_a_states": [
            "CA",
            "OR",
            "WA",
            "NV",
            "AZ"
        ],
        "region_b_states": [
            "NY",
            "PA",
            "OH",
            "MI",
            "IL"
        ],
        "model_type": "crash_severity_net",
        "loss_type": "ce",
        "use_sampler": true,
        "use_smote": false,
        "gamma": 2.0,
        "exp_id": "csn_ce_sampler"
    },
    "metrics": {
        "accuracy": 0.45975259885671765,
        "macro_f1": 0.31924509356768505,
        "weighted_f1": 0.576992569506664,
        "macro_f2": 0.3340384926313541,
        "classification_report": {
            "0": {
                "precision": 0.11664915177901217,
                "recall": 0.20637450199203186,
                "f1-score": 0.1490504507960867,
                "support": 3765.0
            },
            "1": {
                "precision": 0.9224783722391378,
                "recall": 0.4572101564995209,
                "f1-score": 0.611393763380011,
                "support": 125240.0
            },
            "2": {
                "precision": 0.381299155257792,
                "recall": 0.5341403699673558,
                "f1-score": 0.44496062546031384,
                "support": 7352.0
            },
            "3": {
                "precision": 0.03780046098123148,
                "recall": 0.6721311475409836,
                "f1-score": 0.07157553463432882,
                "support": 3416.0
            },
            "accuracy": 0.45975259885671765,
            "macro avg": {
                "precision": 0.36455678506429334,
                "recall": 0.4674640439999731,
                "f1-score": 0.31924509356768505,
                "support": 139773.0
            },
            "weighted avg": {
                "precision": 0.8506851334652956,
                "recall": 0.45975259885671765,
                "f1-score": 0.576992569506664,
                "support": 139773.0
            }
        },
        "confusion_matrix": [
            [
                777,
                2235,
                668,
                85
            ],
            [
                4663,
                57261,
                5640,
                57676
            ],
            [
                1195,
                1547,
                3927,
                683
            ],
            [
                26,
                1030,
                64,
                2296
            ]
        ],
        "roc_auc": 0.7044858180602072
    }
}