{
    "config": {
        "data_path": "data/raw/US_Accidents_March23.csv",
        "sample_frac": 0.1,
        "epochs": 20,
        "batch_size": 128,
        "lr": 0.001,
        "device": "cuda",
        "seed": 42,
        "split_strategy": "time",
        "model_type": "crash_severity_net",
        "loss_type": "ce",
        "use_sampler": false,
        "use_smote": false,
        "gamma": 2.0,
        "exp_id": "csn_ce_official"
    },
    "metrics": {
        "accuracy": 0.8817081982929464,
        "macro_f1": 0.3108131327152026,
        "weighted_f1": 0.8550881705371636,
        "macro_f2": 0.3086013972172363,
        "classification_report": {
            "0": {
                "precision": 0.3333333333333333,
                "recall": 0.0029216467463479417,
                "f1-score": 0.005792522380200105,
                "support": 3765.0
            },
            "1": {
                "precision": 0.9070175963162852,
                "recall": 0.9688518045352923,
                "f1-score": 0.936915581156522,
                "support": 125240.0
            },
            "2": {
                "precision": 0.3312011371712864,
                "recall": 0.2535364526659412,
                "f1-score": 0.287211093990755,
                "support": 7352.0
            },
            "3": {
                "precision": 0.0748502994011976,
                "recall": 0.007318501170960188,
                "f1-score": 0.013333333333333334,
                "support": 3416.0
            },
            "accuracy": 0.8817081982929464,
            "macro avg": {
                "precision": 0.41160059155552564,
                "recall": 0.3081571012796354,
                "f1-score": 0.3108131327152026,
                "support": 139773.0
            },
            "weighted avg": {
                "precision": 0.8409389735205608,
                "recall": 0.8817081982929464,
                "f1-score": 0.8550881705371636,
                "support": 139773.0
            }
        },
        "confusion_matrix": [
            [
                11,
                3688,
                66,
                0
            ],
            [
                21,
                121339,
                3573,
                307
            ],
            [
                1,
                5485,
                1864,
                2
            ],
            [
                0,
                3266,
                125,
                25
            ]
        ],
        "roc_auc": 0.7159822573213719
    }
}