{
    "config": {
        "data_path": "data/raw/US_Accidents_March23.csv",
        "sample_frac": 0.1,
        "epochs": 20,
        "batch_size": 128,
        "lr": 0.001,
        "device": "cuda",
        "seed": 42,
        "split_strategy": "time",
        "region_a_states": [
            "CA",
            "OR",
            "WA",
            "NV",
            "AZ"
        ],
        "region_b_states": [
            "NY",
            "PA",
            "OH",
            "MI",
            "IL"
        ],
        "model_type": "early_mlp",
        "loss_type": "ce_weighted",
        "use_sampler": false,
        "use_smote": false,
        "gamma": 2.0,
        "exp_id": "early_mlp_official"
    },
    "metrics": {
        "accuracy": 0.37724739398882473,
        "macro_f1": 0.2682923968896435,
        "weighted_f1": 0.4926686336314687,
        "macro_f2": 0.30091780056455325,
        "classification_report": {
            "0": {
                "precision": 0.0900334448160535,
                "recall": 0.35750332005312085,
                "f1-score": 0.14384183809778253,
                "support": 3765.0
            },
            "1": {
                "precision": 0.9374304897639741,
                "recall": 0.3634302139891408,
                "f1-score": 0.5237925359908857,
                "support": 125240.0
            },
            "2": {
                "precision": 0.25564065410888015,
                "recall": 0.5039445048966268,
                "f1-score": 0.33920805676356147,
                "support": 7352.0
            },
            "3": {
                "precision": 0.034997409997409995,
                "recall": 0.632903981264637,
                "f1-score": 0.06632715670634434,
                "support": 3416.0
            },
            "accuracy": 0.37724739398882473,
            "macro avg": {
                "precision": 0.3295254996715794,
                "recall": 0.46444550505088134,
                "f1-score": 0.2682923968896435,
                "support": 139773.0
            },
            "weighted avg": {
                "precision": 0.8566875698406146,
                "recall": 0.37724739398882473,
                "f1-score": 0.4926686336314687,
                "support": 139773.0
            }
        },
        "confusion_matrix": [
            [
                1346,
                1232,
                1084,
                103
            ],
            [
                11455,
                45516,
                9490,
                58779
            ],
            [
                1924,
                991,
                3705,
                732
            ],
            [
                225,
                815,
                214,
                2162
            ]
        ],
        "roc_auc": 0.6938947398957899
    }
}