{
    "baseline_0.5": {
        "threshold": 0.5,
        "accuracy": 0.2727663230240549,
        "recall_class_4": 0.8045977011494253
    },
    "failsafe": {
        "threshold": 0.3,
        "accuracy": 0.1736827033218785,
        "recall_class_4": 0.9166666666666666
    },
    "max_f2": {
        "threshold": 0.4,
        "accuracy": 0.2532932416953035,
        "recall_class_4": 0.8419540229885057
    }
}